{
    "HumanEval/0": 0.9090909090909091,
    "HumanEval/1": 0.18181818181818182,
    "HumanEval/2": 0.8181818181818182,
    "HumanEval/3": 0.09090909090909091,
    "HumanEval/4": 1.0,
    "HumanEval/5": 0.0,
    "HumanEval/6": 0.18181818181818182,
    "HumanEval/7": 1.0,
    "HumanEval/8": 0.9090909090909091,
    "HumanEval/9": 0.0,
    "HumanEval/10": 0.18181818181818182,
    "HumanEval/11": 0.9090909090909091,
    "HumanEval/12": 0.8181818181818182,
    "HumanEval/13": 0.2727272727272727,
    "HumanEval/14": 0.5454545454545454,
    "HumanEval/15": 0.5454545454545454,
    "HumanEval/16": 1.0,
    "HumanEval/17": 0.0,
    "HumanEval/18": 0.36363636363636365,
    "HumanEval/19": 0.18181818181818182,
    "HumanEval/20": 0.18181818181818182,
    "HumanEval/21": 0.45454545454545453,
    "HumanEval/22": 0.8181818181818182,
    "HumanEval/23": 1.0,
    "HumanEval/24": 0.18181818181818182,
    "HumanEval/25": 0.18181818181818182,
    "HumanEval/26": 0.0,
    "HumanEval/27": 1.0,
    "HumanEval/28": 0.9090909090909091,
    "HumanEval/29": 1.0,
    "HumanEval/30": 0.7272727272727273,
    "HumanEval/31": 0.5454545454545454,
    "HumanEval/32": 0.0,
    "HumanEval/33": 0.0,
    "HumanEval/34": 0.45454545454545453,
    "HumanEval/35": 0.2727272727272727,
    "HumanEval/36": 0.18181818181818182,
    "HumanEval/37": 0.0,
    "HumanEval/38": 0.09090909090909091,
    "HumanEval/39": 0.0,
    "HumanEval/40": 0.18181818181818182,
    "HumanEval/41": 0.2727272727272727,
    "HumanEval/42": 1.0,
    "HumanEval/43": 0.5454545454545454,
    "HumanEval/44": 0.6363636363636364,
    "HumanEval/45": 1.0,
    "HumanEval/46": 0.0,
    "HumanEval/47": 0.5454545454545454,
    "HumanEval/48": 1.0,
    "HumanEval/49": 0.45454545454545453,
    "HumanEval/50": 0.9090909090909091,
    "HumanEval/51": 0.5454545454545454,
    "HumanEval/52": 0.45454545454545453,
    "HumanEval/53": 1.0,
    "HumanEval/54": 0.09090909090909091,
    "HumanEval/55": 0.6363636363636364,
    "HumanEval/56": 0.8181818181818182,
    "HumanEval/57": 0.6363636363636364,
    "HumanEval/58": 1.0,
    "HumanEval/59": 0.09090909090909091,
    "HumanEval/60": 0.5454545454545454,
    "HumanEval/61": 0.7272727272727273,
    "HumanEval/62": 0.18181818181818182,
    "HumanEval/63": 0.2727272727272727,
    "HumanEval/64": 0.0,
    "HumanEval/65": 0.0,
    "HumanEval/66": 0.45454545454545453,
    "HumanEval/67": 0.09090909090909091,
    "HumanEval/68": 0.5454545454545454,
    "HumanEval/69": 0.5454545454545454,
    "HumanEval/70": 0.09090909090909091,
    "HumanEval/71": 0.2727272727272727,
    "HumanEval/72": 0.45454545454545453,
    "HumanEval/73": 0.0,
    "HumanEval/74": 0.5454545454545454,
    "HumanEval/75": 0.0,
    "HumanEval/76": 0.0,
    "HumanEval/77": 0.0,
    "HumanEval/78": 0.09090909090909091,
    "HumanEval/79": 0.5454545454545454,
    "HumanEval/80": 0.0,
    "HumanEval/81": 0.0,
    "HumanEval/82": 0.0,
    "HumanEval/83": 0.2727272727272727,
    "HumanEval/84": 0.0,
    "HumanEval/85": 0.09090909090909091,
    "HumanEval/86": 0.36363636363636365,
    "HumanEval/87": 0.09090909090909091,
    "HumanEval/88": 0.0,
    "HumanEval/89": 0.6363636363636364,
    "HumanEval/90": 0.18181818181818182,
    "HumanEval/91": 0.0,
    "HumanEval/92": 0.2727272727272727,
    "HumanEval/93": 0.0,
    "HumanEval/94": 0.5454545454545454,
    "HumanEval/95": 0.5454545454545454,
    "HumanEval/96": 0.09090909090909091,
    "HumanEval/97": 0.8181818181818182,
    "HumanEval/98": 0.0,
    "HumanEval/99": 0.18181818181818182,
    "HumanEval/100": 0.0,
    "HumanEval/101": 0.45454545454545453,
    "HumanEval/102": 0.0,
    "HumanEval/103": 0.18181818181818182,
    "HumanEval/104": 0.7272727272727273,
    "HumanEval/105": 0.36363636363636365,
    "HumanEval/106": 0.09090909090909091,
    "HumanEval/107": 0.5454545454545454,
    "HumanEval/108": 0.0,
    "HumanEval/109": 0.0,
    "HumanEval/110": 0.0,
    "HumanEval/111": 0.2727272727272727,
    "HumanEval/112": 0.36363636363636365,
    "HumanEval/113": 0.0,
    "HumanEval/114": 0.09090909090909091,
    "HumanEval/115": 0.36363636363636365,
    "HumanEval/116": 0.2727272727272727,
    "HumanEval/117": 0.45454545454545453,
    "HumanEval/118": 0.0,
    "HumanEval/119": 0.0,
    "HumanEval/120": 0.0,
    "HumanEval/121": 0.0,
    "HumanEval/122": 0.2727272727272727,
    "HumanEval/123": 0.2727272727272727,
    "HumanEval/124": 0.09090909090909091,
    "HumanEval/125": 0.0,
    "HumanEval/126": 0.0,
    "HumanEval/127": 0.0,
    "HumanEval/128": 0.09090909090909091,
    "HumanEval/129": 0.0,
    "HumanEval/130": 0.0,
    "HumanEval/131": 0.0,
    "HumanEval/132": 0.0,
    "HumanEval/133": 0.0,
    "HumanEval/134": 0.09090909090909091,
    "HumanEval/135": 0.09090909090909091,
    "HumanEval/136": 0.36363636363636365,
    "HumanEval/137": 0.0,
    "HumanEval/138": 0.0,
    "HumanEval/139": 0.0,
    "HumanEval/140": 0.0,
    "HumanEval/141": 0.0,
    "HumanEval/142": 0.09090909090909091,
    "HumanEval/143": 0.0,
    "HumanEval/144": 0.18181818181818182,
    "HumanEval/145": 0.0,
    "HumanEval/146": 0.0,
    "HumanEval/147": 0.2727272727272727,
    "HumanEval/148": 0.09090909090909091,
    "HumanEval/149": 0.7272727272727273,
    "HumanEval/150": 0.0,
    "HumanEval/151": 0.45454545454545453,
    "HumanEval/152": 0.7272727272727273,
    "HumanEval/153": 0.36363636363636365,
    "HumanEval/154": 0.36363636363636365,
    "HumanEval/155": 0.7272727272727273,
    "HumanEval/156": 0.2727272727272727,
    "HumanEval/157": 0.18181818181818182,
    "HumanEval/158": 0.6363636363636364,
    "HumanEval/159": 0.0,
    "HumanEval/160": 0.09090909090909091,
    "HumanEval/161": 1.0,
    "HumanEval/162": 0.18181818181818182,
    "HumanEval/163": 0.0
}