{
    "HumanEval/0": 0.0,
    "HumanEval/1": 0.35294117647058826,
    "HumanEval/2": 0.17647058823529413,
    "HumanEval/3": 0.058823529411764705,
    "HumanEval/4": 0.47058823529411764,
    "HumanEval/5": 0.0,
    "HumanEval/6": 0.35294117647058826,
    "HumanEval/7": 0.23529411764705882,
    "HumanEval/8": 0.47058823529411764,
    "HumanEval/9": 0.5294117647058824,
    "HumanEval/10": 0.0,
    "HumanEval/11": 0.35294117647058826,
    "HumanEval/12": 0.058823529411764705,
    "HumanEval/13": 0.29411764705882354,
    "HumanEval/14": 0.29411764705882354,
    "HumanEval/15": 0.11764705882352941,
    "HumanEval/16": 0.11764705882352941,
    "HumanEval/17": 0.17647058823529413,
    "HumanEval/18": 0.0,
    "HumanEval/19": 0.0,
    "HumanEval/20": 0.0,
    "HumanEval/21": 0.47058823529411764,
    "HumanEval/22": 0.17647058823529413,
    "HumanEval/23": 0.17647058823529413,
    "HumanEval/24": 0.058823529411764705,
    "HumanEval/25": 0.7058823529411765,
    "HumanEval/26": 0.0,
    "HumanEval/27": 0.0,
    "HumanEval/28": 0.35294117647058826,
    "HumanEval/29": 0.17647058823529413,
    "HumanEval/30": 0.17647058823529413,
    "HumanEval/31": 0.29411764705882354,
    "HumanEval/32": 0.0,
    "HumanEval/33": 0.23529411764705882,
    "HumanEval/34": 0.11764705882352941,
    "HumanEval/35": 0.23529411764705882,
    "HumanEval/36": 0.0,
    "HumanEval/37": 0.058823529411764705,
    "HumanEval/38": 0.35294117647058826,
    "HumanEval/39": 0.0,
    "HumanEval/40": 0.29411764705882354,
    "HumanEval/41": 0.17647058823529413,
    "HumanEval/42": 0.17647058823529413,
    "HumanEval/43": 0.9411764705882353,
    "HumanEval/44": 0.7058823529411765,
    "HumanEval/45": 0.4117647058823529,
    "HumanEval/46": 0.7058823529411765,
    "HumanEval/47": 0.7058823529411765,
    "HumanEval/48": 0.8235294117647058,
    "HumanEval/49": 0.23529411764705882,
    "HumanEval/50": 0.29411764705882354,
    "HumanEval/51": 0.8823529411764706,
    "HumanEval/52": 0.17647058823529413,
    "HumanEval/53": 0.4117647058823529,
    "HumanEval/54": 0.0,
    "HumanEval/55": 0.8823529411764706,
    "HumanEval/56": 0.8823529411764706,
    "HumanEval/57": 0.17647058823529413,
    "HumanEval/58": 0.11764705882352941,
    "HumanEval/59": 0.35294117647058826,
    "HumanEval/60": 0.5294117647058824,
    "HumanEval/61": 0.8823529411764706,
    "HumanEval/62": 0.11764705882352941,
    "HumanEval/63": 0.5294117647058824,
    "HumanEval/64": 0.11764705882352941,
    "HumanEval/65": 0.35294117647058826,
    "HumanEval/66": 0.5294117647058824,
    "HumanEval/67": 0.5294117647058824,
    "HumanEval/68": 0.058823529411764705,
    "HumanEval/69": 0.29411764705882354,
    "HumanEval/70": 0.23529411764705882,
    "HumanEval/71": 0.0,
    "HumanEval/72": 0.8235294117647058,
    "HumanEval/73": 0.11764705882352941,
    "HumanEval/74": 0.0,
    "HumanEval/75": 0.0,
    "HumanEval/76": 0.0,
    "HumanEval/77": 0.0,
    "HumanEval/78": 1.0,
    "HumanEval/79": 0.11764705882352941,
    "HumanEval/80": 0.0,
    "HumanEval/81": 0.058823529411764705,
    "HumanEval/82": 0.35294117647058826,
    "HumanEval/83": 0.0,
    "HumanEval/84": 0.23529411764705882,
    "HumanEval/85": 0.4117647058823529,
    "HumanEval/86": 0.7058823529411765,
    "HumanEval/87": 0.5882352941176471,
    "HumanEval/88": 0.23529411764705882,
    "HumanEval/89": 0.35294117647058826,
    "HumanEval/90": 0.23529411764705882,
    "HumanEval/91": 0.11764705882352941,
    "HumanEval/92": 0.0,
    "HumanEval/93": 0.0,
    "HumanEval/94": 0.0,
    "HumanEval/95": 0.0,
    "HumanEval/96": 0.058823529411764705,
    "HumanEval/97": 0.4117647058823529,
    "HumanEval/98": 0.23529411764705882,
    "HumanEval/99": 0.47058823529411764,
    "HumanEval/100": 0.058823529411764705,
    "HumanEval/101": 0.0,
    "HumanEval/102": 0.058823529411764705,
    "HumanEval/103": 0.0,
    "HumanEval/104": 0.4117647058823529,
    "HumanEval/105": 0.5882352941176471,
    "HumanEval/106": 0.058823529411764705,
    "HumanEval/107": 0.5882352941176471,
    "HumanEval/108": 0.0,
    "HumanEval/109": 0.0,
    "HumanEval/110": 0.0,
    "HumanEval/111": 0.5882352941176471,
    "HumanEval/112": 0.7058823529411765,
    "HumanEval/113": 0.0,
    "HumanEval/114": 0.23529411764705882,
    "HumanEval/115": 0.4117647058823529,
    "HumanEval/116": 0.7647058823529411,
    "HumanEval/117": 0.9411764705882353,
    "HumanEval/118": 0.6470588235294118,
    "HumanEval/119": 0.0,
    "HumanEval/120": 0.0,
    "HumanEval/121": 0.4117647058823529,
    "HumanEval/122": 0.23529411764705882,
    "HumanEval/123": 0.058823529411764705,
    "HumanEval/124": 0.11764705882352941,
    "HumanEval/125": 0.0,
    "HumanEval/126": 0.0,
    "HumanEval/127": 0.0,
    "HumanEval/128": 0.058823529411764705,
    "HumanEval/129": 0.0,
    "HumanEval/130": 0.0,
    "HumanEval/131": 0.0,
    "HumanEval/132": 0.0,
    "HumanEval/133": 0.0,
    "HumanEval/134": 0.0,
    "HumanEval/135": 0.0,
    "HumanEval/136": 0.4117647058823529,
    "HumanEval/137": 0.0,
    "HumanEval/138": 0.17647058823529413,
    "HumanEval/139": 0.17647058823529413,
    "HumanEval/140": 0.0,
    "HumanEval/141": 0.11764705882352941,
    "HumanEval/142": 0.5294117647058824,
    "HumanEval/143": 0.5294117647058824,
    "HumanEval/144": 0.11764705882352941,
    "HumanEval/145": 0.0,
    "HumanEval/146": 0.23529411764705882,
    "HumanEval/147": 0.5882352941176471,
    "HumanEval/148": 0.0,
    "HumanEval/149": 0.8235294117647058,
    "HumanEval/150": 0.0,
    "HumanEval/151": 0.6470588235294118,
    "HumanEval/152": 0.8235294117647058,
    "HumanEval/153": 0.6470588235294118,
    "HumanEval/154": 0.7647058823529411,
    "HumanEval/155": 0.5294117647058824,
    "HumanEval/156": 0.17647058823529413,
    "HumanEval/157": 0.35294117647058826,
    "HumanEval/158": 0.47058823529411764,
    "HumanEval/159": 0.47058823529411764,
    "HumanEval/160": 0.23529411764705882,
    "HumanEval/161": 0.5882352941176471,
    "HumanEval/162": 0.0,
    "HumanEval/163": 0.0
}